USE [SIFITECHDB]
GO
INSERT [dbo].[Branch] ([branchId], [accountNumber], [bankName], [benificiary], [branchLogoUrl], [branchName], [city], [country], [createdAt], [currency], [description], [gst], [iban], [ifsc], [isDefaultBranch], [pan], [province], [street1], [street2]) VALUES (N'400730cb-1f8d-4e66-9b78-e1ff1c9fbab0', NULL, NULL, N'ROYAL SHIPPING', N'/images/royalshipp.jpg', N'ROYAL SHIPPING', N'Mumbai', N'India', CAST(0x0700000000006E420B AS DateTime2), NULL, NULL, N'27AAZFR2951A1ZY', NULL, N'UTIB0001365', 1, N'AAZFR2951A', NULL, N'Navi Mumbai', NULL)
INSERT [dbo].[Branch] ([branchId], [accountNumber], [bankName], [benificiary], [branchLogoUrl], [branchName], [city], [country], [createdAt], [currency], [description], [gst], [iban], [ifsc], [isDefaultBranch], [pan], [province], [street1], [street2]) VALUES (N'a29a1fa1-2d52-44cf-baa1-0577b750fdae', NULL, NULL, NULL, NULL, N'SEA GLOBE SHIPPING', NULL, NULL, CAST(0x0700000000006E420B AS DateTime2), NULL, NULL, NULL, NULL, NULL, 0, NULL, NULL, N'Dubai', NULL)
INSERT [dbo].[Branch] ([branchId], [accountNumber], [bankName], [benificiary], [branchLogoUrl], [branchName], [city], [country], [createdAt], [currency], [description], [gst], [iban], [ifsc], [isDefaultBranch], [pan], [province], [street1], [street2]) VALUES (N'f716c129-6a0b-4684-bb73-c6f945c5da66', N'32877891001', N'RAK BANK', N'ZAEIM SHIPPING LINE L.L.C', N'/images/zaeimline.png', N'ZAEIM SHIPPING LINE L.L.C', NULL, NULL, CAST(0x0700000000006E420B AS DateTime2), N'AED', NULL, NULL, N'AE820400000032877891001', NULL, 0, NULL, NULL, N'Dubai', NULL)
INSERT [dbo].[AspNetUsers] ([Id], [AccessFailedCount], [ApplicationUserRole], [BillOfLoadingLineRole], [BillOfLoadingRole], [BookingLineRole], [BookingRole], [BookingSlotLineRole], [BookingSlotRole], [BranchRole], [ChargeHeadRole], [ConcurrencyStamp], [ContainerDetailsRole], [ContainerRole], [CurrencyRole], [CustomerLineRole], [CustomerRole], [Email], [EmailConfirmed], [ExportOperationLineRole], [ExportOperationRole], [HomeRole], [ImportOperationLineRole], [ImportOperationRole], [InlandPriceLineRole], [InlandPriceRole], [InvoicesLineRole], [InvoicesRole], [LocalPriceLineRole], [LocalPriceRole], [LocationRole], [LockoutEnabled], [LockoutEnd], [MultipalRateQuoteLineRole], [MultipalRateQuoteRole], [NormalizedEmail], [NormalizedUserName], [OceanPriceLineRole], [OceanPriceRole], [PasswordHash], [PhoneNumber], [PhoneNumberConfirmed], [PortPriceLineRole], [PortPriceRole], [PortStoragePriceLineRole], [SalesInquiryLineRole], [SalesInquiryRole], [SecurityStamp], [TwoFactorEnabled], [UserName], [VendorLineRole], [VendorRole], [branchId], [isSuperAdmin], [profilePictureUrl]) VALUES (N'465ad3a6-83d3-4edf-93d0-029cfff0dc15', 0, 0, 1, 1, 1, 1, 1, 1, 0, 0, N'1f660e13-67d6-43e8-b612-3c6b81691cb5', 0, 0, 0, 0, 0, N'rsexport@sifitech.com', 0, 1, 1, 1, 0, 0, 0, 0, 0, 0, 0, 0, 0, 0, NULL, 0, 0, N'RSEXPORT@SIFITECH.COM', N'RSEXPORT@SIFITECH.COM', 0, 0, N'AQAAAAEAACcQAAAAEH//T6zsvAg4B0kmQxkMzVYcm09i2Sb3v+KZ0yVp1RfhwasXaDP+Ktj3u0OmE23ETQ==', NULL, 0, 0, 0, 0, 0, 0, N'f81278a0-aef1-410f-ab2d-284b1ec29f92', 0, N'rsexport@sifitech.com', 0, 0, N'400730cb-1f8d-4e66-9b78-e1ff1c9fbab0', 0, N'/images/empty_profile.png')
INSERT [dbo].[AspNetUsers] ([Id], [AccessFailedCount], [ApplicationUserRole], [BillOfLoadingLineRole], [BillOfLoadingRole], [BookingLineRole], [BookingRole], [BookingSlotLineRole], [BookingSlotRole], [BranchRole], [ChargeHeadRole], [ConcurrencyStamp], [ContainerDetailsRole], [ContainerRole], [CurrencyRole], [CustomerLineRole], [CustomerRole], [Email], [EmailConfirmed], [ExportOperationLineRole], [ExportOperationRole], [HomeRole], [ImportOperationLineRole], [ImportOperationRole], [InlandPriceLineRole], [InlandPriceRole], [InvoicesLineRole], [InvoicesRole], [LocalPriceLineRole], [LocalPriceRole], [LocationRole], [LockoutEnabled], [LockoutEnd], [MultipalRateQuoteLineRole], [MultipalRateQuoteRole], [NormalizedEmail], [NormalizedUserName], [OceanPriceLineRole], [OceanPriceRole], [PasswordHash], [PhoneNumber], [PhoneNumberConfirmed], [PortPriceLineRole], [PortPriceRole], [PortStoragePriceLineRole], [SalesInquiryLineRole], [SalesInquiryRole], [SecurityStamp], [TwoFactorEnabled], [UserName], [VendorLineRole], [VendorRole], [branchId], [isSuperAdmin], [profilePictureUrl]) VALUES (N'5bdb8e49-63da-4c29-91d0-afa8bfe4cd57', 0, 0, 0, 0, 0, 0, 0, 0, 0, 0, N'523cac75-cc90-4f4b-980e-f6b974ba6bca', 0, 0, 0, 0, 0, N'account@sifitech.com', 0, 0, 0, 1, 0, 0, 0, 0, 1, 1, 0, 0, 0, 0, NULL, 1, 1, N'ACCOUNT@SIFITECH.COM', N'ACCOUNT@SIFITECH.COM', 0, 0, N'AQAAAAEAACcQAAAAELzS0znVwh9LvbjYeJlhvlcsq62MHmgw+LGFKyRi43UcO4npFaYXPB0fEDKiVnKVnA==', NULL, 0, 0, 0, 0, 1, 1, N'af1a9b55-3322-4786-908c-0c4383b2ec77', 0, N'account@sifitech.com', 0, 0, N'400730cb-1f8d-4e66-9b78-e1ff1c9fbab0', 0, N'/images/empty_profile.png')
INSERT [dbo].[AspNetUsers] ([Id], [AccessFailedCount], [ApplicationUserRole], [BillOfLoadingLineRole], [BillOfLoadingRole], [BookingLineRole], [BookingRole], [BookingSlotLineRole], [BookingSlotRole], [BranchRole], [ChargeHeadRole], [ConcurrencyStamp], [ContainerDetailsRole], [ContainerRole], [CurrencyRole], [CustomerLineRole], [CustomerRole], [Email], [EmailConfirmed], [ExportOperationLineRole], [ExportOperationRole], [HomeRole], [ImportOperationLineRole], [ImportOperationRole], [InlandPriceLineRole], [InlandPriceRole], [InvoicesLineRole], [InvoicesRole], [LocalPriceLineRole], [LocalPriceRole], [LocationRole], [LockoutEnabled], [LockoutEnd], [MultipalRateQuoteLineRole], [MultipalRateQuoteRole], [NormalizedEmail], [NormalizedUserName], [OceanPriceLineRole], [OceanPriceRole], [PasswordHash], [PhoneNumber], [PhoneNumberConfirmed], [PortPriceLineRole], [PortPriceRole], [PortStoragePriceLineRole], [SalesInquiryLineRole], [SalesInquiryRole], [SecurityStamp], [TwoFactorEnabled], [UserName], [VendorLineRole], [VendorRole], [branchId], [isSuperAdmin], [profilePictureUrl]) VALUES (N'ab7d1f75-d072-4747-a460-5cb9e86e4ff6', 0, 1, 1, 1, 1, 1, 1, 1, 0, 1, N'a804bfce-ba00-488e-8ea2-353fef461cd8', 1, 1, 1, 1, 1, N'admin@sifitech.com', 1, 1, 1, 1, 1, 1, 1, 1, 1, 1, 1, 1, 1, 0, NULL, 1, 1, N'ADMIN@SIFITECH.COM', N'ADMIN@SIFITECH.COM', 1, 1, N'AQAAAAEAACcQAAAAEEAV/Ah6zL2FxevumqD+sy4Sxz9e8vOCHPPTiXWVwLPkGI7qGSTDViQr49kevoliXA==', NULL, 0, 1, 1, 1, 1, 1, N'0b5a80d5-6215-4399-b8be-d4358c2dd197', 0, N'admin@sifitech.com', 1, 1, NULL, 1, N'/images/empty_profile.png')
INSERT [dbo].[AspNetUsers] ([Id], [AccessFailedCount], [ApplicationUserRole], [BillOfLoadingLineRole], [BillOfLoadingRole], [BookingLineRole], [BookingRole], [BookingSlotLineRole], [BookingSlotRole], [BranchRole], [ChargeHeadRole], [ConcurrencyStamp], [ContainerDetailsRole], [ContainerRole], [CurrencyRole], [CustomerLineRole], [CustomerRole], [Email], [EmailConfirmed], [ExportOperationLineRole], [ExportOperationRole], [HomeRole], [ImportOperationLineRole], [ImportOperationRole], [InlandPriceLineRole], [InlandPriceRole], [InvoicesLineRole], [InvoicesRole], [LocalPriceLineRole], [LocalPriceRole], [LocationRole], [LockoutEnabled], [LockoutEnd], [MultipalRateQuoteLineRole], [MultipalRateQuoteRole], [NormalizedEmail], [NormalizedUserName], [OceanPriceLineRole], [OceanPriceRole], [PasswordHash], [PhoneNumber], [PhoneNumberConfirmed], [PortPriceLineRole], [PortPriceRole], [PortStoragePriceLineRole], [SalesInquiryLineRole], [SalesInquiryRole], [SecurityStamp], [TwoFactorEnabled], [UserName], [VendorLineRole], [VendorRole], [branchId], [isSuperAdmin], [profilePictureUrl]) VALUES (N'c5a734ce-4008-4460-a587-d1baaf72cc6e', 0, 0, 0, 0, 0, 0, 0, 0, 1, 1, N'f49f3d01-63b6-4930-9aff-6efe059bc287', 1, 1, 1, 1, 1, N'pricing@sifitech.com', 0, 0, 0, 1, 0, 0, 1, 1, 0, 0, 1, 1, 1, 0, NULL, 1, 1, N'PRICING@SIFITECH.COM', N'PRICING@SIFITECH.COM', 1, 1, N'AQAAAAEAACcQAAAAEFFrRxyrjiFAEvWPPJmKhCuqe3oyhCwRXjaYq4d4/mtJkVLy4x+kLTUYeluclNhHHw==', NULL, 0, 1, 1, 1, 1, 1, N'4a6a90f3-8098-490e-9810-ea94c0227743', 0, N'pricing@sifitech.com', 1, 1, NULL, 0, N'/images/empty_profile.png')
INSERT [dbo].[AspNetUsers] ([Id], [AccessFailedCount], [ApplicationUserRole], [BillOfLoadingLineRole], [BillOfLoadingRole], [BookingLineRole], [BookingRole], [BookingSlotLineRole], [BookingSlotRole], [BranchRole], [ChargeHeadRole], [ConcurrencyStamp], [ContainerDetailsRole], [ContainerRole], [CurrencyRole], [CustomerLineRole], [CustomerRole], [Email], [EmailConfirmed], [ExportOperationLineRole], [ExportOperationRole], [HomeRole], [ImportOperationLineRole], [ImportOperationRole], [InlandPriceLineRole], [InlandPriceRole], [InvoicesLineRole], [InvoicesRole], [LocalPriceLineRole], [LocalPriceRole], [LocationRole], [LockoutEnabled], [LockoutEnd], [MultipalRateQuoteLineRole], [MultipalRateQuoteRole], [NormalizedEmail], [NormalizedUserName], [OceanPriceLineRole], [OceanPriceRole], [PasswordHash], [PhoneNumber], [PhoneNumberConfirmed], [PortPriceLineRole], [PortPriceRole], [PortStoragePriceLineRole], [SalesInquiryLineRole], [SalesInquiryRole], [SecurityStamp], [TwoFactorEnabled], [UserName], [VendorLineRole], [VendorRole], [branchId], [isSuperAdmin], [profilePictureUrl]) VALUES (N'd7538082-42bc-4595-9a16-ff0ffc665ca6', 0, 1, 1, 1, 1, 1, 1, 1, 1, 1, N'1cd2f6e8-5584-446d-8430-61316b7d066b', 1, 1, 1, 1, 1, N'super@admin.com', 1, 1, 1, 1, 1, 1, 1, 1, 1, 1, 1, 1, 1, 0, NULL, 1, 1, N'SUPER@ADMIN.COM', N'SUPER@ADMIN.COM', 1, 1, N'AQAAAAEAACcQAAAAEA4TS3z3g1CtP36Xqvysg643ps0nU7/omU5fa0YhTQZ8BOvz6HGexVf3zHFhj96ioA==', NULL, 0, 1, 1, 1, 1, 1, N'd0348d11-6cf5-44d6-874b-6ed41c6c1642', 0, N'super@admin.com', 1, 1, NULL, 1, N'/images/empty_profile.png')
INSERT [dbo].[AspNetUsers] ([Id], [AccessFailedCount], [ApplicationUserRole], [BillOfLoadingLineRole], [BillOfLoadingRole], [BookingLineRole], [BookingRole], [BookingSlotLineRole], [BookingSlotRole], [BranchRole], [ChargeHeadRole], [ConcurrencyStamp], [ContainerDetailsRole], [ContainerRole], [CurrencyRole], [CustomerLineRole], [CustomerRole], [Email], [EmailConfirmed], [ExportOperationLineRole], [ExportOperationRole], [HomeRole], [ImportOperationLineRole], [ImportOperationRole], [InlandPriceLineRole], [InlandPriceRole], [InvoicesLineRole], [InvoicesRole], [LocalPriceLineRole], [LocalPriceRole], [LocationRole], [LockoutEnabled], [LockoutEnd], [MultipalRateQuoteLineRole], [MultipalRateQuoteRole], [NormalizedEmail], [NormalizedUserName], [OceanPriceLineRole], [OceanPriceRole], [PasswordHash], [PhoneNumber], [PhoneNumberConfirmed], [PortPriceLineRole], [PortPriceRole], [PortStoragePriceLineRole], [SalesInquiryLineRole], [SalesInquiryRole], [SecurityStamp], [TwoFactorEnabled], [UserName], [VendorLineRole], [VendorRole], [branchId], [isSuperAdmin], [profilePictureUrl]) VALUES (N'e7b6a0bd-a135-43a4-8271-298aeb0bee49', 0, 0, 0, 0, 0, 0, 0, 0, 0, 0, N'd6539486-8ce4-456c-a40b-4c98e6652629', 0, 0, 0, 0, 0, N'zsltrade@sifitech.com', 0, 0, 0, 1, 0, 0, 1, 1, 1, 1, 1, 1, 1, 0, NULL, 1, 1, N'ZSLTRADE@SIFITECH.COM', N'ZSLTRADE@SIFITECH.COM', 1, 1, N'AQAAAAEAACcQAAAAEBuOHh/IS8iPNQRrZJZudvteN3QIcqS9HRgVu+1Xr3W3RxJh9SnhcopDw80cGGA2uw==', NULL, 0, 1, 1, 1, 0, 0, N'2d970c9d-2db1-4158-a6d5-114dbb3d644c', 0, N'zsltrade@sifitech.com', 0, 0, N'f716c129-6a0b-4684-bb73-c6f945c5da66', 0, N'/images/empty_profile.png')
INSERT [dbo].[AspNetUsers] ([Id], [AccessFailedCount], [ApplicationUserRole], [BillOfLoadingLineRole], [BillOfLoadingRole], [BookingLineRole], [BookingRole], [BookingSlotLineRole], [BookingSlotRole], [BranchRole], [ChargeHeadRole], [ConcurrencyStamp], [ContainerDetailsRole], [ContainerRole], [CurrencyRole], [CustomerLineRole], [CustomerRole], [Email], [EmailConfirmed], [ExportOperationLineRole], [ExportOperationRole], [HomeRole], [ImportOperationLineRole], [ImportOperationRole], [InlandPriceLineRole], [InlandPriceRole], [InvoicesLineRole], [InvoicesRole], [LocalPriceLineRole], [LocalPriceRole], [LocationRole], [LockoutEnabled], [LockoutEnd], [MultipalRateQuoteLineRole], [MultipalRateQuoteRole], [NormalizedEmail], [NormalizedUserName], [OceanPriceLineRole], [OceanPriceRole], [PasswordHash], [PhoneNumber], [PhoneNumberConfirmed], [PortPriceLineRole], [PortPriceRole], [PortStoragePriceLineRole], [SalesInquiryLineRole], [SalesInquiryRole], [SecurityStamp], [TwoFactorEnabled], [UserName], [VendorLineRole], [VendorRole], [branchId], [isSuperAdmin], [profilePictureUrl]) VALUES (N'eb6bea0f-d89f-41ed-9a03-c77a2d2cc0b1', 0, 0, 0, 0, 0, 0, 0, 0, 0, 0, N'817b0891-5e6e-41fe-a1f6-354a24703ef3', 0, 0, 0, 0, 0, N'rsimport@sifitech.com', 0, 0, 0, 1, 1, 1, 0, 0, 0, 0, 0, 0, 0, 0, NULL, 0, 0, N'RSIMPORT@SIFITECH.COM', N'RSIMPORT@SIFITECH.COM', 0, 0, N'AQAAAAEAACcQAAAAEM7WtBIgxrn12EJTo4+KY3aEckiXZECn/yen9PtIVq/bnc/NLalWaWdiPScdytmREw==', NULL, 0, 0, 0, 0, 0, 0, N'4ca6544c-7a12-4048-85d2-a8c086e4df9b', 0, N'rsimport@sifitech.com', 0, 0, N'400730cb-1f8d-4e66-9b78-e1ff1c9fbab0', 0, N'/images/empty_profile.png')
INSERT [dbo].[AspNetUsers] ([Id], [AccessFailedCount], [ApplicationUserRole], [BillOfLoadingLineRole], [BillOfLoadingRole], [BookingLineRole], [BookingRole], [BookingSlotLineRole], [BookingSlotRole], [BranchRole], [ChargeHeadRole], [ConcurrencyStamp], [ContainerDetailsRole], [ContainerRole], [CurrencyRole], [CustomerLineRole], [CustomerRole], [Email], [EmailConfirmed], [ExportOperationLineRole], [ExportOperationRole], [HomeRole], [ImportOperationLineRole], [ImportOperationRole], [InlandPriceLineRole], [InlandPriceRole], [InvoicesLineRole], [InvoicesRole], [LocalPriceLineRole], [LocalPriceRole], [LocationRole], [LockoutEnabled], [LockoutEnd], [MultipalRateQuoteLineRole], [MultipalRateQuoteRole], [NormalizedEmail], [NormalizedUserName], [OceanPriceLineRole], [OceanPriceRole], [PasswordHash], [PhoneNumber], [PhoneNumberConfirmed], [PortPriceLineRole], [PortPriceRole], [PortStoragePriceLineRole], [SalesInquiryLineRole], [SalesInquiryRole], [SecurityStamp], [TwoFactorEnabled], [UserName], [VendorLineRole], [VendorRole], [branchId], [isSuperAdmin], [profilePictureUrl]) VALUES (N'fbd1861d-71b5-4082-9cbc-f93a10c25a4d', 0, 0, 1, 1, 1, 1, 1, 1, 0, 0, N'778ef114-5611-49c0-b276-0899df2dea74', 0, 0, 0, 0, 0, N'zslops@sifitech.com', 0, 1, 1, 1, 1, 1, 0, 0, 0, 0, 0, 0, 0, 0, NULL, 0, 0, N'ZSLOPS@SIFITECH.COM', N'ZSLOPS@SIFITECH.COM', 0, 0, N'AQAAAAEAACcQAAAAEHXB4o88tyM/OdG9cFGg3QFrYcFQBhbfuppy/g22JJWZt1M/1EM1HtIAeoPefFYaYg==', NULL, 0, 0, 0, 0, 0, 0, N'1fd13d54-3adb-4203-9401-0f3288a02e3b', 0, N'zslops@sifitech.com', 0, 0, N'f716c129-6a0b-4684-bb73-c6f945c5da66', 0, N'/images/empty_profile.png')
INSERT [dbo].[AspNetRoles] ([Id], [ConcurrencyStamp], [Name], [NormalizedName]) VALUES (N'0013f7cd-d7f6-4bf7-8a67-0c8f9e485210', N'f49289a3-0577-4cf9-97f7-0ffb97a4a2f3', N'ApplicationUser', N'APPLICATIONUSER')
INSERT [dbo].[AspNetRoles] ([Id], [ConcurrencyStamp], [Name], [NormalizedName]) VALUES (N'0456158c-57a2-401f-85fe-c048d5576555', N'6472a786-dd46-4358-ba42-3f26e1f76917', N'HomeIndex', N'HOMEINDEX')
INSERT [dbo].[AspNetRoles] ([Id], [ConcurrencyStamp], [Name], [NormalizedName]) VALUES (N'06119932-3383-444f-8368-a7b7327e6c0a', N'149d8ed3-d6a5-4b86-a517-7b5e8169bf37', N'LocalPrice', N'LOCALPRICE')
INSERT [dbo].[AspNetRoles] ([Id], [ConcurrencyStamp], [Name], [NormalizedName]) VALUES (N'0634c737-840e-4454-8198-38d94537a906', N'1d68eef6-6825-4b41-ae40-cfead04ba6b8', N'VendorLine', N'VENDORLINE')
INSERT [dbo].[AspNetRoles] ([Id], [ConcurrencyStamp], [Name], [NormalizedName]) VALUES (N'06d2ee57-a725-4bd9-9116-98ddb22900cb', N'cdca72de-b153-4486-a16b-611c2e90217d', N'PortPrice', N'PORTPRICE')
INSERT [dbo].[AspNetRoles] ([Id], [ConcurrencyStamp], [Name], [NormalizedName]) VALUES (N'0c884f5f-aa48-433c-b27e-6de321bd234d', N'0710b6ca-bfbb-4c28-8b25-d7c868a046ba', N'ExportOperation', N'EXPORTOPERATION')
INSERT [dbo].[AspNetRoles] ([Id], [ConcurrencyStamp], [Name], [NormalizedName]) VALUES (N'0f7458fd-f5f1-4eac-ae65-2df17ef69c95', N'3f2cdc0b-ed6d-4f17-9bc2-ad1b4b21cfeb', N'InlandPrice', N'INLANDPRICE')
INSERT [dbo].[AspNetRoles] ([Id], [ConcurrencyStamp], [Name], [NormalizedName]) VALUES (N'12416272-3428-45dd-8cbd-77ae5f0130cb', N'8aa94415-f448-4735-ac1e-3e0aa214b967', N'Home', N'HOME')
INSERT [dbo].[AspNetRoles] ([Id], [ConcurrencyStamp], [Name], [NormalizedName]) VALUES (N'1ffc77ac-36e9-415f-ad50-0b840f2323dc', N'845b22b5-7b29-4b83-aaa4-351413e257f1', N'InlandPriceLine', N'INLANDPRICELINE')
INSERT [dbo].[AspNetRoles] ([Id], [ConcurrencyStamp], [Name], [NormalizedName]) VALUES (N'344f5d30-5fe7-4491-8d04-b8a4b845f504', N'501d014a-a0dc-48f4-af4c-2a8d5cdccb6b', N'SalesInquiry', N'SALESINQUIRY')
INSERT [dbo].[AspNetRoles] ([Id], [ConcurrencyStamp], [Name], [NormalizedName]) VALUES (N'367f1920-a935-4ee1-ad7e-73aa92f323e3', N'62c76d98-a28b-4e83-a33c-6766802e376d', N'MultipalRateQuoteLine', N'MULTIPALRATEQUOTELINE')
INSERT [dbo].[AspNetRoles] ([Id], [ConcurrencyStamp], [Name], [NormalizedName]) VALUES (N'4257aac6-9193-4745-aea8-0a211e8eff79', N'7edf0dd5-3a6e-4b45-9a1e-f2cd749dd6a6', N'PortPriceLine', N'PORTPRICELINE')
INSERT [dbo].[AspNetRoles] ([Id], [ConcurrencyStamp], [Name], [NormalizedName]) VALUES (N'457b9205-e2d6-4f99-945d-ec3eed925b97', N'c33c1c0d-ab73-4acb-a5a0-e21f56a11e30', N'OceanPrice', N'OCEANPRICE')
INSERT [dbo].[AspNetRoles] ([Id], [ConcurrencyStamp], [Name], [NormalizedName]) VALUES (N'4dbdf233-5f6c-4fff-beb3-7c3753074792', N'42661027-3d52-4bd2-b850-d774de10cb48', N'Currency', N'CURRENCY')
INSERT [dbo].[AspNetRoles] ([Id], [ConcurrencyStamp], [Name], [NormalizedName]) VALUES (N'4f9f1881-5ef4-48af-8926-605a6deb2fd1', N'd4535a2b-4e36-4d8a-8453-1fded50453b7', N'BookingSlotLine', N'BOOKINGSLOTLINE')
INSERT [dbo].[AspNetRoles] ([Id], [ConcurrencyStamp], [Name], [NormalizedName]) VALUES (N'54f06519-f320-4c03-ae66-f431307b96cb', N'3faecd1b-d1f2-4681-896a-ee9a77e5800a', N'Branch', N'BRANCH')
INSERT [dbo].[AspNetRoles] ([Id], [ConcurrencyStamp], [Name], [NormalizedName]) VALUES (N'593d2819-51c8-47ed-b0df-621378e27f69', N'e427bf01-f1aa-4b21-9194-9255e2472a04', N'ChargeHead', N'CHARGEHEAD')
INSERT [dbo].[AspNetRoles] ([Id], [ConcurrencyStamp], [Name], [NormalizedName]) VALUES (N'64b9479b-2728-424b-ac2e-beee513c5a7b', N'40549308-666f-4675-8b35-399fc42774eb', N'BillOfLoadingLine', N'BILLOFLOADINGLINE')
INSERT [dbo].[AspNetRoles] ([Id], [ConcurrencyStamp], [Name], [NormalizedName]) VALUES (N'6a0ded16-04b6-4bf7-9135-7ddff74398ea', N'37bb19fd-3d44-4a7f-afff-0b2c385cf997', N'ImportOperationLine', N'IMPORTOPERATIONLINE')
INSERT [dbo].[AspNetRoles] ([Id], [ConcurrencyStamp], [Name], [NormalizedName]) VALUES (N'6abfdc0a-d264-48c2-b5fb-0ffe139cd59a', N'70e0c113-b10a-4c03-bdc5-3d93abf9461a', N'Vendor', N'VENDOR')
INSERT [dbo].[AspNetRoles] ([Id], [ConcurrencyStamp], [Name], [NormalizedName]) VALUES (N'6c1bed44-b3c9-469a-9bfb-61c98bba4990', N'6ae00a6d-be2e-4ee3-ad71-a3d916b869c4', N'SalesInquiryLine', N'SALESINQUIRYLINE')
INSERT [dbo].[AspNetRoles] ([Id], [ConcurrencyStamp], [Name], [NormalizedName]) VALUES (N'7eb714ae-4aa0-4738-ad59-78ad771b7d0b', N'f836c3bf-7ef0-4d41-8c3d-fa0d9d571fde', N'ContainerDetails', N'CONTAINERDETAILS')
INSERT [dbo].[AspNetRoles] ([Id], [ConcurrencyStamp], [Name], [NormalizedName]) VALUES (N'83ecc0f5-49d7-4223-91a4-7df01cf90eac', N'606cc5dd-b0b3-4178-9d57-ac6c2918bde2', N'CustomerLine', N'CUSTOMERLINE')
INSERT [dbo].[AspNetRoles] ([Id], [ConcurrencyStamp], [Name], [NormalizedName]) VALUES (N'84776e56-9eac-43ee-901c-41f93d9106f4', N'bbda74b4-074c-4b61-88b8-0aca088ec811', N'InvoicesLine', N'INVOICESLINE')
INSERT [dbo].[AspNetRoles] ([Id], [ConcurrencyStamp], [Name], [NormalizedName]) VALUES (N'87888002-0749-49e2-a1f5-4ee9ab7c9e8d', N'6279ce6b-9e7c-4cc1-846f-a400b8da458f', N'LocalPriceLine', N'LOCALPRICELINE')
INSERT [dbo].[AspNetRoles] ([Id], [ConcurrencyStamp], [Name], [NormalizedName]) VALUES (N'8a4c0ed5-3339-4b85-9c5e-8b387d34be5a', N'f566ae25-f69e-4a3b-842b-e1a73e5d0cf7', N'MultipalRateQuote', N'MULTIPALRATEQUOTE')
INSERT [dbo].[AspNetRoles] ([Id], [ConcurrencyStamp], [Name], [NormalizedName]) VALUES (N'8fe75dd0-ea50-4638-b039-65fd2f4ffe54', N'e650efad-29f4-4907-93e0-7631ce463de9', N'Location', N'LOCATION')
INSERT [dbo].[AspNetRoles] ([Id], [ConcurrencyStamp], [Name], [NormalizedName]) VALUES (N'96bc3ba1-2bab-481c-94e5-260c1d9a35a1', N'73de3380-8996-4f8a-a919-b1951161d712', N'ExportOperationLine', N'EXPORTOPERATIONLINE')
INSERT [dbo].[AspNetRoles] ([Id], [ConcurrencyStamp], [Name], [NormalizedName]) VALUES (N'9ff6cac3-b7be-4ee4-b73e-f9ad6d1f97bb', N'c3efe2ab-36fe-46f8-8dd0-8325ae57fb90', N'ImportOperation', N'IMPORTOPERATION')
INSERT [dbo].[AspNetRoles] ([Id], [ConcurrencyStamp], [Name], [NormalizedName]) VALUES (N'b35e04c9-1603-4914-948b-6d2564833c85', N'4c2eca70-9068-4dee-a042-64d644ee9d6d', N'PortStoragePriceLine', N'PORTSTORAGEPRICELINE')
INSERT [dbo].[AspNetRoles] ([Id], [ConcurrencyStamp], [Name], [NormalizedName]) VALUES (N'bb0cd0e5-c905-4f2a-93fb-12aeaa55854e', N'c9b5acfa-ac76-4440-9642-269d3cbbac59', N'Container', N'CONTAINER')
INSERT [dbo].[AspNetRoles] ([Id], [ConcurrencyStamp], [Name], [NormalizedName]) VALUES (N'c25fcc3d-00d2-42e9-93fd-4b9389c8b9a2', N'5b4146c3-d445-45e5-9df6-b05c8ddb53aa', N'BillOfLoading', N'BILLOFLOADING')
INSERT [dbo].[AspNetRoles] ([Id], [ConcurrencyStamp], [Name], [NormalizedName]) VALUES (N'c4e08172-c8b3-4db8-91fd-dbcf2011ec51', N'fc50df6a-e64b-4726-ad2f-9487aedc2d5c', N'Invoices', N'INVOICES')
INSERT [dbo].[AspNetRoles] ([Id], [ConcurrencyStamp], [Name], [NormalizedName]) VALUES (N'd9290ab8-2c06-4246-aee3-dff27e85417d', N'7c0dc633-a1f9-429e-9f5d-c05cc8438ad7', N'Booking', N'BOOKING')
INSERT [dbo].[AspNetRoles] ([Id], [ConcurrencyStamp], [Name], [NormalizedName]) VALUES (N'dbb0ebd9-dcb0-44a8-b8da-980855168524', N'2991ddf7-aeee-405b-ae14-552a6b248413', N'OceanPriceLine', N'OCEANPRICELINE')
INSERT [dbo].[AspNetRoles] ([Id], [ConcurrencyStamp], [Name], [NormalizedName]) VALUES (N'e01ad9d6-0f2a-43c1-a89d-8ddfaecefc4f', N'4cd51de3-d8f7-439f-8629-c6d2fb82de75', N'BookingLine', N'BOOKINGLINE')
INSERT [dbo].[AspNetRoles] ([Id], [ConcurrencyStamp], [Name], [NormalizedName]) VALUES (N'e70d59ed-ea07-41bd-bb56-00f5f215b26f', N'f73ce50a-4c19-491a-bc34-74b07a435577', N'BookingSlot', N'BOOKINGSLOT')
INSERT [dbo].[AspNetRoles] ([Id], [ConcurrencyStamp], [Name], [NormalizedName]) VALUES (N'ffd01538-c330-4c76-b24e-77eb863300ac', N'c53325cf-29c0-40b3-9780-c4c926951490', N'Customer', N'CUSTOMER')
INSERT [dbo].[AspNetUserRoles] ([UserId], [RoleId]) VALUES (N'ab7d1f75-d072-4747-a460-5cb9e86e4ff6', N'0013f7cd-d7f6-4bf7-8a67-0c8f9e485210')
INSERT [dbo].[AspNetUserRoles] ([UserId], [RoleId]) VALUES (N'd7538082-42bc-4595-9a16-ff0ffc665ca6', N'0013f7cd-d7f6-4bf7-8a67-0c8f9e485210')
INSERT [dbo].[AspNetUserRoles] ([UserId], [RoleId]) VALUES (N'd7538082-42bc-4595-9a16-ff0ffc665ca6', N'0456158c-57a2-401f-85fe-c048d5576555')
INSERT [dbo].[AspNetUserRoles] ([UserId], [RoleId]) VALUES (N'ab7d1f75-d072-4747-a460-5cb9e86e4ff6', N'06119932-3383-444f-8368-a7b7327e6c0a')
INSERT [dbo].[AspNetUserRoles] ([UserId], [RoleId]) VALUES (N'c5a734ce-4008-4460-a587-d1baaf72cc6e', N'06119932-3383-444f-8368-a7b7327e6c0a')
INSERT [dbo].[AspNetUserRoles] ([UserId], [RoleId]) VALUES (N'd7538082-42bc-4595-9a16-ff0ffc665ca6', N'06119932-3383-444f-8368-a7b7327e6c0a')
INSERT [dbo].[AspNetUserRoles] ([UserId], [RoleId]) VALUES (N'e7b6a0bd-a135-43a4-8271-298aeb0bee49', N'06119932-3383-444f-8368-a7b7327e6c0a')
INSERT [dbo].[AspNetUserRoles] ([UserId], [RoleId]) VALUES (N'465ad3a6-83d3-4edf-93d0-029cfff0dc15', N'0634c737-840e-4454-8198-38d94537a906')
INSERT [dbo].[AspNetUserRoles] ([UserId], [RoleId]) VALUES (N'5bdb8e49-63da-4c29-91d0-afa8bfe4cd57', N'0634c737-840e-4454-8198-38d94537a906')
INSERT [dbo].[AspNetUserRoles] ([UserId], [RoleId]) VALUES (N'ab7d1f75-d072-4747-a460-5cb9e86e4ff6', N'0634c737-840e-4454-8198-38d94537a906')
INSERT [dbo].[AspNetUserRoles] ([UserId], [RoleId]) VALUES (N'c5a734ce-4008-4460-a587-d1baaf72cc6e', N'0634c737-840e-4454-8198-38d94537a906')
INSERT [dbo].[AspNetUserRoles] ([UserId], [RoleId]) VALUES (N'd7538082-42bc-4595-9a16-ff0ffc665ca6', N'0634c737-840e-4454-8198-38d94537a906')
INSERT [dbo].[AspNetUserRoles] ([UserId], [RoleId]) VALUES (N'e7b6a0bd-a135-43a4-8271-298aeb0bee49', N'0634c737-840e-4454-8198-38d94537a906')
INSERT [dbo].[AspNetUserRoles] ([UserId], [RoleId]) VALUES (N'eb6bea0f-d89f-41ed-9a03-c77a2d2cc0b1', N'0634c737-840e-4454-8198-38d94537a906')
INSERT [dbo].[AspNetUserRoles] ([UserId], [RoleId]) VALUES (N'fbd1861d-71b5-4082-9cbc-f93a10c25a4d', N'0634c737-840e-4454-8198-38d94537a906')
INSERT [dbo].[AspNetUserRoles] ([UserId], [RoleId]) VALUES (N'ab7d1f75-d072-4747-a460-5cb9e86e4ff6', N'06d2ee57-a725-4bd9-9116-98ddb22900cb')
INSERT [dbo].[AspNetUserRoles] ([UserId], [RoleId]) VALUES (N'c5a734ce-4008-4460-a587-d1baaf72cc6e', N'06d2ee57-a725-4bd9-9116-98ddb22900cb')
INSERT [dbo].[AspNetUserRoles] ([UserId], [RoleId]) VALUES (N'd7538082-42bc-4595-9a16-ff0ffc665ca6', N'06d2ee57-a725-4bd9-9116-98ddb22900cb')
INSERT [dbo].[AspNetUserRoles] ([UserId], [RoleId]) VALUES (N'e7b6a0bd-a135-43a4-8271-298aeb0bee49', N'06d2ee57-a725-4bd9-9116-98ddb22900cb')
INSERT [dbo].[AspNetUserRoles] ([UserId], [RoleId]) VALUES (N'465ad3a6-83d3-4edf-93d0-029cfff0dc15', N'0c884f5f-aa48-433c-b27e-6de321bd234d')
INSERT [dbo].[AspNetUserRoles] ([UserId], [RoleId]) VALUES (N'ab7d1f75-d072-4747-a460-5cb9e86e4ff6', N'0c884f5f-aa48-433c-b27e-6de321bd234d')
INSERT [dbo].[AspNetUserRoles] ([UserId], [RoleId]) VALUES (N'd7538082-42bc-4595-9a16-ff0ffc665ca6', N'0c884f5f-aa48-433c-b27e-6de321bd234d')
INSERT [dbo].[AspNetUserRoles] ([UserId], [RoleId]) VALUES (N'fbd1861d-71b5-4082-9cbc-f93a10c25a4d', N'0c884f5f-aa48-433c-b27e-6de321bd234d')
INSERT [dbo].[AspNetUserRoles] ([UserId], [RoleId]) VALUES (N'ab7d1f75-d072-4747-a460-5cb9e86e4ff6', N'0f7458fd-f5f1-4eac-ae65-2df17ef69c95')
INSERT [dbo].[AspNetUserRoles] ([UserId], [RoleId]) VALUES (N'c5a734ce-4008-4460-a587-d1baaf72cc6e', N'0f7458fd-f5f1-4eac-ae65-2df17ef69c95')
INSERT [dbo].[AspNetUserRoles] ([UserId], [RoleId]) VALUES (N'd7538082-42bc-4595-9a16-ff0ffc665ca6', N'0f7458fd-f5f1-4eac-ae65-2df17ef69c95')
INSERT [dbo].[AspNetUserRoles] ([UserId], [RoleId]) VALUES (N'e7b6a0bd-a135-43a4-8271-298aeb0bee49', N'0f7458fd-f5f1-4eac-ae65-2df17ef69c95')
INSERT [dbo].[AspNetUserRoles] ([UserId], [RoleId]) VALUES (N'465ad3a6-83d3-4edf-93d0-029cfff0dc15', N'12416272-3428-45dd-8cbd-77ae5f0130cb')
INSERT [dbo].[AspNetUserRoles] ([UserId], [RoleId]) VALUES (N'5bdb8e49-63da-4c29-91d0-afa8bfe4cd57', N'12416272-3428-45dd-8cbd-77ae5f0130cb')
INSERT [dbo].[AspNetUserRoles] ([UserId], [RoleId]) VALUES (N'ab7d1f75-d072-4747-a460-5cb9e86e4ff6', N'12416272-3428-45dd-8cbd-77ae5f0130cb')
INSERT [dbo].[AspNetUserRoles] ([UserId], [RoleId]) VALUES (N'c5a734ce-4008-4460-a587-d1baaf72cc6e', N'12416272-3428-45dd-8cbd-77ae5f0130cb')
INSERT [dbo].[AspNetUserRoles] ([UserId], [RoleId]) VALUES (N'd7538082-42bc-4595-9a16-ff0ffc665ca6', N'12416272-3428-45dd-8cbd-77ae5f0130cb')
INSERT [dbo].[AspNetUserRoles] ([UserId], [RoleId]) VALUES (N'e7b6a0bd-a135-43a4-8271-298aeb0bee49', N'12416272-3428-45dd-8cbd-77ae5f0130cb')
INSERT [dbo].[AspNetUserRoles] ([UserId], [RoleId]) VALUES (N'eb6bea0f-d89f-41ed-9a03-c77a2d2cc0b1', N'12416272-3428-45dd-8cbd-77ae5f0130cb')
INSERT [dbo].[AspNetUserRoles] ([UserId], [RoleId]) VALUES (N'fbd1861d-71b5-4082-9cbc-f93a10c25a4d', N'12416272-3428-45dd-8cbd-77ae5f0130cb')
INSERT [dbo].[AspNetUserRoles] ([UserId], [RoleId]) VALUES (N'465ad3a6-83d3-4edf-93d0-029cfff0dc15', N'1ffc77ac-36e9-415f-ad50-0b840f2323dc')
INSERT [dbo].[AspNetUserRoles] ([UserId], [RoleId]) VALUES (N'5bdb8e49-63da-4c29-91d0-afa8bfe4cd57', N'1ffc77ac-36e9-415f-ad50-0b840f2323dc')
INSERT [dbo].[AspNetUserRoles] ([UserId], [RoleId]) VALUES (N'ab7d1f75-d072-4747-a460-5cb9e86e4ff6', N'1ffc77ac-36e9-415f-ad50-0b840f2323dc')
INSERT [dbo].[AspNetUserRoles] ([UserId], [RoleId]) VALUES (N'c5a734ce-4008-4460-a587-d1baaf72cc6e', N'1ffc77ac-36e9-415f-ad50-0b840f2323dc')
INSERT [dbo].[AspNetUserRoles] ([UserId], [RoleId]) VALUES (N'd7538082-42bc-4595-9a16-ff0ffc665ca6', N'1ffc77ac-36e9-415f-ad50-0b840f2323dc')
INSERT [dbo].[AspNetUserRoles] ([UserId], [RoleId]) VALUES (N'e7b6a0bd-a135-43a4-8271-298aeb0bee49', N'1ffc77ac-36e9-415f-ad50-0b840f2323dc')
INSERT [dbo].[AspNetUserRoles] ([UserId], [RoleId]) VALUES (N'eb6bea0f-d89f-41ed-9a03-c77a2d2cc0b1', N'1ffc77ac-36e9-415f-ad50-0b840f2323dc')
INSERT [dbo].[AspNetUserRoles] ([UserId], [RoleId]) VALUES (N'fbd1861d-71b5-4082-9cbc-f93a10c25a4d', N'1ffc77ac-36e9-415f-ad50-0b840f2323dc')
INSERT [dbo].[AspNetUserRoles] ([UserId], [RoleId]) VALUES (N'5bdb8e49-63da-4c29-91d0-afa8bfe4cd57', N'344f5d30-5fe7-4491-8d04-b8a4b845f504')
INSERT [dbo].[AspNetUserRoles] ([UserId], [RoleId]) VALUES (N'ab7d1f75-d072-4747-a460-5cb9e86e4ff6', N'344f5d30-5fe7-4491-8d04-b8a4b845f504')
INSERT [dbo].[AspNetUserRoles] ([UserId], [RoleId]) VALUES (N'c5a734ce-4008-4460-a587-d1baaf72cc6e', N'344f5d30-5fe7-4491-8d04-b8a4b845f504')
INSERT [dbo].[AspNetUserRoles] ([UserId], [RoleId]) VALUES (N'd7538082-42bc-4595-9a16-ff0ffc665ca6', N'344f5d30-5fe7-4491-8d04-b8a4b845f504')
INSERT [dbo].[AspNetUserRoles] ([UserId], [RoleId]) VALUES (N'465ad3a6-83d3-4edf-93d0-029cfff0dc15', N'367f1920-a935-4ee1-ad7e-73aa92f323e3')
INSERT [dbo].[AspNetUserRoles] ([UserId], [RoleId]) VALUES (N'5bdb8e49-63da-4c29-91d0-afa8bfe4cd57', N'367f1920-a935-4ee1-ad7e-73aa92f323e3')
INSERT [dbo].[AspNetUserRoles] ([UserId], [RoleId]) VALUES (N'ab7d1f75-d072-4747-a460-5cb9e86e4ff6', N'367f1920-a935-4ee1-ad7e-73aa92f323e3')
INSERT [dbo].[AspNetUserRoles] ([UserId], [RoleId]) VALUES (N'c5a734ce-4008-4460-a587-d1baaf72cc6e', N'367f1920-a935-4ee1-ad7e-73aa92f323e3')
INSERT [dbo].[AspNetUserRoles] ([UserId], [RoleId]) VALUES (N'd7538082-42bc-4595-9a16-ff0ffc665ca6', N'367f1920-a935-4ee1-ad7e-73aa92f323e3')
INSERT [dbo].[AspNetUserRoles] ([UserId], [RoleId]) VALUES (N'e7b6a0bd-a135-43a4-8271-298aeb0bee49', N'367f1920-a935-4ee1-ad7e-73aa92f323e3')
INSERT [dbo].[AspNetUserRoles] ([UserId], [RoleId]) VALUES (N'eb6bea0f-d89f-41ed-9a03-c77a2d2cc0b1', N'367f1920-a935-4ee1-ad7e-73aa92f323e3')
INSERT [dbo].[AspNetUserRoles] ([UserId], [RoleId]) VALUES (N'fbd1861d-71b5-4082-9cbc-f93a10c25a4d', N'367f1920-a935-4ee1-ad7e-73aa92f323e3')
INSERT [dbo].[AspNetUserRoles] ([UserId], [RoleId]) VALUES (N'465ad3a6-83d3-4edf-93d0-029cfff0dc15', N'4257aac6-9193-4745-aea8-0a211e8eff79')
INSERT [dbo].[AspNetUserRoles] ([UserId], [RoleId]) VALUES (N'5bdb8e49-63da-4c29-91d0-afa8bfe4cd57', N'4257aac6-9193-4745-aea8-0a211e8eff79')
INSERT [dbo].[AspNetUserRoles] ([UserId], [RoleId]) VALUES (N'ab7d1f75-d072-4747-a460-5cb9e86e4ff6', N'4257aac6-9193-4745-aea8-0a211e8eff79')
INSERT [dbo].[AspNetUserRoles] ([UserId], [RoleId]) VALUES (N'c5a734ce-4008-4460-a587-d1baaf72cc6e', N'4257aac6-9193-4745-aea8-0a211e8eff79')
INSERT [dbo].[AspNetUserRoles] ([UserId], [RoleId]) VALUES (N'd7538082-42bc-4595-9a16-ff0ffc665ca6', N'4257aac6-9193-4745-aea8-0a211e8eff79')
INSERT [dbo].[AspNetUserRoles] ([UserId], [RoleId]) VALUES (N'e7b6a0bd-a135-43a4-8271-298aeb0bee49', N'4257aac6-9193-4745-aea8-0a211e8eff79')
INSERT [dbo].[AspNetUserRoles] ([UserId], [RoleId]) VALUES (N'eb6bea0f-d89f-41ed-9a03-c77a2d2cc0b1', N'4257aac6-9193-4745-aea8-0a211e8eff79')
INSERT [dbo].[AspNetUserRoles] ([UserId], [RoleId]) VALUES (N'fbd1861d-71b5-4082-9cbc-f93a10c25a4d', N'4257aac6-9193-4745-aea8-0a211e8eff79')
INSERT [dbo].[AspNetUserRoles] ([UserId], [RoleId]) VALUES (N'ab7d1f75-d072-4747-a460-5cb9e86e4ff6', N'457b9205-e2d6-4f99-945d-ec3eed925b97')
INSERT [dbo].[AspNetUserRoles] ([UserId], [RoleId]) VALUES (N'c5a734ce-4008-4460-a587-d1baaf72cc6e', N'457b9205-e2d6-4f99-945d-ec3eed925b97')
INSERT [dbo].[AspNetUserRoles] ([UserId], [RoleId]) VALUES (N'd7538082-42bc-4595-9a16-ff0ffc665ca6', N'457b9205-e2d6-4f99-945d-ec3eed925b97')
INSERT [dbo].[AspNetUserRoles] ([UserId], [RoleId]) VALUES (N'e7b6a0bd-a135-43a4-8271-298aeb0bee49', N'457b9205-e2d6-4f99-945d-ec3eed925b97')
INSERT [dbo].[AspNetUserRoles] ([UserId], [RoleId]) VALUES (N'ab7d1f75-d072-4747-a460-5cb9e86e4ff6', N'4dbdf233-5f6c-4fff-beb3-7c3753074792')
INSERT [dbo].[AspNetUserRoles] ([UserId], [RoleId]) VALUES (N'c5a734ce-4008-4460-a587-d1baaf72cc6e', N'4dbdf233-5f6c-4fff-beb3-7c3753074792')
INSERT [dbo].[AspNetUserRoles] ([UserId], [RoleId]) VALUES (N'd7538082-42bc-4595-9a16-ff0ffc665ca6', N'4dbdf233-5f6c-4fff-beb3-7c3753074792')
INSERT [dbo].[AspNetUserRoles] ([UserId], [RoleId]) VALUES (N'465ad3a6-83d3-4edf-93d0-029cfff0dc15', N'4f9f1881-5ef4-48af-8926-605a6deb2fd1')
INSERT [dbo].[AspNetUserRoles] ([UserId], [RoleId]) VALUES (N'5bdb8e49-63da-4c29-91d0-afa8bfe4cd57', N'4f9f1881-5ef4-48af-8926-605a6deb2fd1')
INSERT [dbo].[AspNetUserRoles] ([UserId], [RoleId]) VALUES (N'ab7d1f75-d072-4747-a460-5cb9e86e4ff6', N'4f9f1881-5ef4-48af-8926-605a6deb2fd1')
INSERT [dbo].[AspNetUserRoles] ([UserId], [RoleId]) VALUES (N'c5a734ce-4008-4460-a587-d1baaf72cc6e', N'4f9f1881-5ef4-48af-8926-605a6deb2fd1')
INSERT [dbo].[AspNetUserRoles] ([UserId], [RoleId]) VALUES (N'd7538082-42bc-4595-9a16-ff0ffc665ca6', N'4f9f1881-5ef4-48af-8926-605a6deb2fd1')
INSERT [dbo].[AspNetUserRoles] ([UserId], [RoleId]) VALUES (N'e7b6a0bd-a135-43a4-8271-298aeb0bee49', N'4f9f1881-5ef4-48af-8926-605a6deb2fd1')
INSERT [dbo].[AspNetUserRoles] ([UserId], [RoleId]) VALUES (N'eb6bea0f-d89f-41ed-9a03-c77a2d2cc0b1', N'4f9f1881-5ef4-48af-8926-605a6deb2fd1')
INSERT [dbo].[AspNetUserRoles] ([UserId], [RoleId]) VALUES (N'fbd1861d-71b5-4082-9cbc-f93a10c25a4d', N'4f9f1881-5ef4-48af-8926-605a6deb2fd1')
INSERT [dbo].[AspNetUserRoles] ([UserId], [RoleId]) VALUES (N'c5a734ce-4008-4460-a587-d1baaf72cc6e', N'54f06519-f320-4c03-ae66-f431307b96cb')
INSERT [dbo].[AspNetUserRoles] ([UserId], [RoleId]) VALUES (N'd7538082-42bc-4595-9a16-ff0ffc665ca6', N'54f06519-f320-4c03-ae66-f431307b96cb')
INSERT [dbo].[AspNetUserRoles] ([UserId], [RoleId]) VALUES (N'ab7d1f75-d072-4747-a460-5cb9e86e4ff6', N'593d2819-51c8-47ed-b0df-621378e27f69')
INSERT [dbo].[AspNetUserRoles] ([UserId], [RoleId]) VALUES (N'c5a734ce-4008-4460-a587-d1baaf72cc6e', N'593d2819-51c8-47ed-b0df-621378e27f69')
INSERT [dbo].[AspNetUserRoles] ([UserId], [RoleId]) VALUES (N'd7538082-42bc-4595-9a16-ff0ffc665ca6', N'593d2819-51c8-47ed-b0df-621378e27f69')
INSERT [dbo].[AspNetUserRoles] ([UserId], [RoleId]) VALUES (N'465ad3a6-83d3-4edf-93d0-029cfff0dc15', N'64b9479b-2728-424b-ac2e-beee513c5a7b')
INSERT [dbo].[AspNetUserRoles] ([UserId], [RoleId]) VALUES (N'5bdb8e49-63da-4c29-91d0-afa8bfe4cd57', N'64b9479b-2728-424b-ac2e-beee513c5a7b')
INSERT [dbo].[AspNetUserRoles] ([UserId], [RoleId]) VALUES (N'ab7d1f75-d072-4747-a460-5cb9e86e4ff6', N'64b9479b-2728-424b-ac2e-beee513c5a7b')
INSERT [dbo].[AspNetUserRoles] ([UserId], [RoleId]) VALUES (N'c5a734ce-4008-4460-a587-d1baaf72cc6e', N'64b9479b-2728-424b-ac2e-beee513c5a7b')
INSERT [dbo].[AspNetUserRoles] ([UserId], [RoleId]) VALUES (N'd7538082-42bc-4595-9a16-ff0ffc665ca6', N'64b9479b-2728-424b-ac2e-beee513c5a7b')
INSERT [dbo].[AspNetUserRoles] ([UserId], [RoleId]) VALUES (N'e7b6a0bd-a135-43a4-8271-298aeb0bee49', N'64b9479b-2728-424b-ac2e-beee513c5a7b')
INSERT [dbo].[AspNetUserRoles] ([UserId], [RoleId]) VALUES (N'eb6bea0f-d89f-41ed-9a03-c77a2d2cc0b1', N'64b9479b-2728-424b-ac2e-beee513c5a7b')
INSERT [dbo].[AspNetUserRoles] ([UserId], [RoleId]) VALUES (N'fbd1861d-71b5-4082-9cbc-f93a10c25a4d', N'64b9479b-2728-424b-ac2e-beee513c5a7b')
INSERT [dbo].[AspNetUserRoles] ([UserId], [RoleId]) VALUES (N'465ad3a6-83d3-4edf-93d0-029cfff0dc15', N'6a0ded16-04b6-4bf7-9135-7ddff74398ea')
INSERT [dbo].[AspNetUserRoles] ([UserId], [RoleId]) VALUES (N'5bdb8e49-63da-4c29-91d0-afa8bfe4cd57', N'6a0ded16-04b6-4bf7-9135-7ddff74398ea')
INSERT [dbo].[AspNetUserRoles] ([UserId], [RoleId]) VALUES (N'ab7d1f75-d072-4747-a460-5cb9e86e4ff6', N'6a0ded16-04b6-4bf7-9135-7ddff74398ea')
INSERT [dbo].[AspNetUserRoles] ([UserId], [RoleId]) VALUES (N'c5a734ce-4008-4460-a587-d1baaf72cc6e', N'6a0ded16-04b6-4bf7-9135-7ddff74398ea')
INSERT [dbo].[AspNetUserRoles] ([UserId], [RoleId]) VALUES (N'd7538082-42bc-4595-9a16-ff0ffc665ca6', N'6a0ded16-04b6-4bf7-9135-7ddff74398ea')
INSERT [dbo].[AspNetUserRoles] ([UserId], [RoleId]) VALUES (N'e7b6a0bd-a135-43a4-8271-298aeb0bee49', N'6a0ded16-04b6-4bf7-9135-7ddff74398ea')
INSERT [dbo].[AspNetUserRoles] ([UserId], [RoleId]) VALUES (N'eb6bea0f-d89f-41ed-9a03-c77a2d2cc0b1', N'6a0ded16-04b6-4bf7-9135-7ddff74398ea')
INSERT [dbo].[AspNetUserRoles] ([UserId], [RoleId]) VALUES (N'fbd1861d-71b5-4082-9cbc-f93a10c25a4d', N'6a0ded16-04b6-4bf7-9135-7ddff74398ea')
INSERT [dbo].[AspNetUserRoles] ([UserId], [RoleId]) VALUES (N'ab7d1f75-d072-4747-a460-5cb9e86e4ff6', N'6abfdc0a-d264-48c2-b5fb-0ffe139cd59a')
GO
INSERT [dbo].[AspNetUserRoles] ([UserId], [RoleId]) VALUES (N'c5a734ce-4008-4460-a587-d1baaf72cc6e', N'6abfdc0a-d264-48c2-b5fb-0ffe139cd59a')
INSERT [dbo].[AspNetUserRoles] ([UserId], [RoleId]) VALUES (N'd7538082-42bc-4595-9a16-ff0ffc665ca6', N'6abfdc0a-d264-48c2-b5fb-0ffe139cd59a')
INSERT [dbo].[AspNetUserRoles] ([UserId], [RoleId]) VALUES (N'465ad3a6-83d3-4edf-93d0-029cfff0dc15', N'6c1bed44-b3c9-469a-9bfb-61c98bba4990')
INSERT [dbo].[AspNetUserRoles] ([UserId], [RoleId]) VALUES (N'5bdb8e49-63da-4c29-91d0-afa8bfe4cd57', N'6c1bed44-b3c9-469a-9bfb-61c98bba4990')
INSERT [dbo].[AspNetUserRoles] ([UserId], [RoleId]) VALUES (N'ab7d1f75-d072-4747-a460-5cb9e86e4ff6', N'6c1bed44-b3c9-469a-9bfb-61c98bba4990')
INSERT [dbo].[AspNetUserRoles] ([UserId], [RoleId]) VALUES (N'c5a734ce-4008-4460-a587-d1baaf72cc6e', N'6c1bed44-b3c9-469a-9bfb-61c98bba4990')
INSERT [dbo].[AspNetUserRoles] ([UserId], [RoleId]) VALUES (N'd7538082-42bc-4595-9a16-ff0ffc665ca6', N'6c1bed44-b3c9-469a-9bfb-61c98bba4990')
INSERT [dbo].[AspNetUserRoles] ([UserId], [RoleId]) VALUES (N'e7b6a0bd-a135-43a4-8271-298aeb0bee49', N'6c1bed44-b3c9-469a-9bfb-61c98bba4990')
INSERT [dbo].[AspNetUserRoles] ([UserId], [RoleId]) VALUES (N'eb6bea0f-d89f-41ed-9a03-c77a2d2cc0b1', N'6c1bed44-b3c9-469a-9bfb-61c98bba4990')
INSERT [dbo].[AspNetUserRoles] ([UserId], [RoleId]) VALUES (N'fbd1861d-71b5-4082-9cbc-f93a10c25a4d', N'6c1bed44-b3c9-469a-9bfb-61c98bba4990')
INSERT [dbo].[AspNetUserRoles] ([UserId], [RoleId]) VALUES (N'ab7d1f75-d072-4747-a460-5cb9e86e4ff6', N'7eb714ae-4aa0-4738-ad59-78ad771b7d0b')
INSERT [dbo].[AspNetUserRoles] ([UserId], [RoleId]) VALUES (N'c5a734ce-4008-4460-a587-d1baaf72cc6e', N'7eb714ae-4aa0-4738-ad59-78ad771b7d0b')
INSERT [dbo].[AspNetUserRoles] ([UserId], [RoleId]) VALUES (N'd7538082-42bc-4595-9a16-ff0ffc665ca6', N'7eb714ae-4aa0-4738-ad59-78ad771b7d0b')
INSERT [dbo].[AspNetUserRoles] ([UserId], [RoleId]) VALUES (N'465ad3a6-83d3-4edf-93d0-029cfff0dc15', N'83ecc0f5-49d7-4223-91a4-7df01cf90eac')
INSERT [dbo].[AspNetUserRoles] ([UserId], [RoleId]) VALUES (N'5bdb8e49-63da-4c29-91d0-afa8bfe4cd57', N'83ecc0f5-49d7-4223-91a4-7df01cf90eac')
INSERT [dbo].[AspNetUserRoles] ([UserId], [RoleId]) VALUES (N'ab7d1f75-d072-4747-a460-5cb9e86e4ff6', N'83ecc0f5-49d7-4223-91a4-7df01cf90eac')
INSERT [dbo].[AspNetUserRoles] ([UserId], [RoleId]) VALUES (N'c5a734ce-4008-4460-a587-d1baaf72cc6e', N'83ecc0f5-49d7-4223-91a4-7df01cf90eac')
INSERT [dbo].[AspNetUserRoles] ([UserId], [RoleId]) VALUES (N'd7538082-42bc-4595-9a16-ff0ffc665ca6', N'83ecc0f5-49d7-4223-91a4-7df01cf90eac')
INSERT [dbo].[AspNetUserRoles] ([UserId], [RoleId]) VALUES (N'e7b6a0bd-a135-43a4-8271-298aeb0bee49', N'83ecc0f5-49d7-4223-91a4-7df01cf90eac')
INSERT [dbo].[AspNetUserRoles] ([UserId], [RoleId]) VALUES (N'eb6bea0f-d89f-41ed-9a03-c77a2d2cc0b1', N'83ecc0f5-49d7-4223-91a4-7df01cf90eac')
INSERT [dbo].[AspNetUserRoles] ([UserId], [RoleId]) VALUES (N'fbd1861d-71b5-4082-9cbc-f93a10c25a4d', N'83ecc0f5-49d7-4223-91a4-7df01cf90eac')
INSERT [dbo].[AspNetUserRoles] ([UserId], [RoleId]) VALUES (N'465ad3a6-83d3-4edf-93d0-029cfff0dc15', N'84776e56-9eac-43ee-901c-41f93d9106f4')
INSERT [dbo].[AspNetUserRoles] ([UserId], [RoleId]) VALUES (N'5bdb8e49-63da-4c29-91d0-afa8bfe4cd57', N'84776e56-9eac-43ee-901c-41f93d9106f4')
INSERT [dbo].[AspNetUserRoles] ([UserId], [RoleId]) VALUES (N'ab7d1f75-d072-4747-a460-5cb9e86e4ff6', N'84776e56-9eac-43ee-901c-41f93d9106f4')
INSERT [dbo].[AspNetUserRoles] ([UserId], [RoleId]) VALUES (N'c5a734ce-4008-4460-a587-d1baaf72cc6e', N'84776e56-9eac-43ee-901c-41f93d9106f4')
INSERT [dbo].[AspNetUserRoles] ([UserId], [RoleId]) VALUES (N'd7538082-42bc-4595-9a16-ff0ffc665ca6', N'84776e56-9eac-43ee-901c-41f93d9106f4')
INSERT [dbo].[AspNetUserRoles] ([UserId], [RoleId]) VALUES (N'e7b6a0bd-a135-43a4-8271-298aeb0bee49', N'84776e56-9eac-43ee-901c-41f93d9106f4')
INSERT [dbo].[AspNetUserRoles] ([UserId], [RoleId]) VALUES (N'eb6bea0f-d89f-41ed-9a03-c77a2d2cc0b1', N'84776e56-9eac-43ee-901c-41f93d9106f4')
INSERT [dbo].[AspNetUserRoles] ([UserId], [RoleId]) VALUES (N'fbd1861d-71b5-4082-9cbc-f93a10c25a4d', N'84776e56-9eac-43ee-901c-41f93d9106f4')
INSERT [dbo].[AspNetUserRoles] ([UserId], [RoleId]) VALUES (N'465ad3a6-83d3-4edf-93d0-029cfff0dc15', N'87888002-0749-49e2-a1f5-4ee9ab7c9e8d')
INSERT [dbo].[AspNetUserRoles] ([UserId], [RoleId]) VALUES (N'5bdb8e49-63da-4c29-91d0-afa8bfe4cd57', N'87888002-0749-49e2-a1f5-4ee9ab7c9e8d')
INSERT [dbo].[AspNetUserRoles] ([UserId], [RoleId]) VALUES (N'ab7d1f75-d072-4747-a460-5cb9e86e4ff6', N'87888002-0749-49e2-a1f5-4ee9ab7c9e8d')
INSERT [dbo].[AspNetUserRoles] ([UserId], [RoleId]) VALUES (N'c5a734ce-4008-4460-a587-d1baaf72cc6e', N'87888002-0749-49e2-a1f5-4ee9ab7c9e8d')
INSERT [dbo].[AspNetUserRoles] ([UserId], [RoleId]) VALUES (N'd7538082-42bc-4595-9a16-ff0ffc665ca6', N'87888002-0749-49e2-a1f5-4ee9ab7c9e8d')
INSERT [dbo].[AspNetUserRoles] ([UserId], [RoleId]) VALUES (N'e7b6a0bd-a135-43a4-8271-298aeb0bee49', N'87888002-0749-49e2-a1f5-4ee9ab7c9e8d')
INSERT [dbo].[AspNetUserRoles] ([UserId], [RoleId]) VALUES (N'eb6bea0f-d89f-41ed-9a03-c77a2d2cc0b1', N'87888002-0749-49e2-a1f5-4ee9ab7c9e8d')
INSERT [dbo].[AspNetUserRoles] ([UserId], [RoleId]) VALUES (N'fbd1861d-71b5-4082-9cbc-f93a10c25a4d', N'87888002-0749-49e2-a1f5-4ee9ab7c9e8d')
INSERT [dbo].[AspNetUserRoles] ([UserId], [RoleId]) VALUES (N'5bdb8e49-63da-4c29-91d0-afa8bfe4cd57', N'8a4c0ed5-3339-4b85-9c5e-8b387d34be5a')
INSERT [dbo].[AspNetUserRoles] ([UserId], [RoleId]) VALUES (N'ab7d1f75-d072-4747-a460-5cb9e86e4ff6', N'8a4c0ed5-3339-4b85-9c5e-8b387d34be5a')
INSERT [dbo].[AspNetUserRoles] ([UserId], [RoleId]) VALUES (N'c5a734ce-4008-4460-a587-d1baaf72cc6e', N'8a4c0ed5-3339-4b85-9c5e-8b387d34be5a')
INSERT [dbo].[AspNetUserRoles] ([UserId], [RoleId]) VALUES (N'd7538082-42bc-4595-9a16-ff0ffc665ca6', N'8a4c0ed5-3339-4b85-9c5e-8b387d34be5a')
INSERT [dbo].[AspNetUserRoles] ([UserId], [RoleId]) VALUES (N'e7b6a0bd-a135-43a4-8271-298aeb0bee49', N'8a4c0ed5-3339-4b85-9c5e-8b387d34be5a')
INSERT [dbo].[AspNetUserRoles] ([UserId], [RoleId]) VALUES (N'ab7d1f75-d072-4747-a460-5cb9e86e4ff6', N'8fe75dd0-ea50-4638-b039-65fd2f4ffe54')
INSERT [dbo].[AspNetUserRoles] ([UserId], [RoleId]) VALUES (N'c5a734ce-4008-4460-a587-d1baaf72cc6e', N'8fe75dd0-ea50-4638-b039-65fd2f4ffe54')
INSERT [dbo].[AspNetUserRoles] ([UserId], [RoleId]) VALUES (N'd7538082-42bc-4595-9a16-ff0ffc665ca6', N'8fe75dd0-ea50-4638-b039-65fd2f4ffe54')
INSERT [dbo].[AspNetUserRoles] ([UserId], [RoleId]) VALUES (N'e7b6a0bd-a135-43a4-8271-298aeb0bee49', N'8fe75dd0-ea50-4638-b039-65fd2f4ffe54')
INSERT [dbo].[AspNetUserRoles] ([UserId], [RoleId]) VALUES (N'465ad3a6-83d3-4edf-93d0-029cfff0dc15', N'96bc3ba1-2bab-481c-94e5-260c1d9a35a1')
INSERT [dbo].[AspNetUserRoles] ([UserId], [RoleId]) VALUES (N'5bdb8e49-63da-4c29-91d0-afa8bfe4cd57', N'96bc3ba1-2bab-481c-94e5-260c1d9a35a1')
INSERT [dbo].[AspNetUserRoles] ([UserId], [RoleId]) VALUES (N'ab7d1f75-d072-4747-a460-5cb9e86e4ff6', N'96bc3ba1-2bab-481c-94e5-260c1d9a35a1')
INSERT [dbo].[AspNetUserRoles] ([UserId], [RoleId]) VALUES (N'c5a734ce-4008-4460-a587-d1baaf72cc6e', N'96bc3ba1-2bab-481c-94e5-260c1d9a35a1')
INSERT [dbo].[AspNetUserRoles] ([UserId], [RoleId]) VALUES (N'd7538082-42bc-4595-9a16-ff0ffc665ca6', N'96bc3ba1-2bab-481c-94e5-260c1d9a35a1')
INSERT [dbo].[AspNetUserRoles] ([UserId], [RoleId]) VALUES (N'e7b6a0bd-a135-43a4-8271-298aeb0bee49', N'96bc3ba1-2bab-481c-94e5-260c1d9a35a1')
INSERT [dbo].[AspNetUserRoles] ([UserId], [RoleId]) VALUES (N'eb6bea0f-d89f-41ed-9a03-c77a2d2cc0b1', N'96bc3ba1-2bab-481c-94e5-260c1d9a35a1')
INSERT [dbo].[AspNetUserRoles] ([UserId], [RoleId]) VALUES (N'fbd1861d-71b5-4082-9cbc-f93a10c25a4d', N'96bc3ba1-2bab-481c-94e5-260c1d9a35a1')
INSERT [dbo].[AspNetUserRoles] ([UserId], [RoleId]) VALUES (N'ab7d1f75-d072-4747-a460-5cb9e86e4ff6', N'9ff6cac3-b7be-4ee4-b73e-f9ad6d1f97bb')
INSERT [dbo].[AspNetUserRoles] ([UserId], [RoleId]) VALUES (N'd7538082-42bc-4595-9a16-ff0ffc665ca6', N'9ff6cac3-b7be-4ee4-b73e-f9ad6d1f97bb')
INSERT [dbo].[AspNetUserRoles] ([UserId], [RoleId]) VALUES (N'eb6bea0f-d89f-41ed-9a03-c77a2d2cc0b1', N'9ff6cac3-b7be-4ee4-b73e-f9ad6d1f97bb')
INSERT [dbo].[AspNetUserRoles] ([UserId], [RoleId]) VALUES (N'fbd1861d-71b5-4082-9cbc-f93a10c25a4d', N'9ff6cac3-b7be-4ee4-b73e-f9ad6d1f97bb')
INSERT [dbo].[AspNetUserRoles] ([UserId], [RoleId]) VALUES (N'465ad3a6-83d3-4edf-93d0-029cfff0dc15', N'b35e04c9-1603-4914-948b-6d2564833c85')
INSERT [dbo].[AspNetUserRoles] ([UserId], [RoleId]) VALUES (N'5bdb8e49-63da-4c29-91d0-afa8bfe4cd57', N'b35e04c9-1603-4914-948b-6d2564833c85')
INSERT [dbo].[AspNetUserRoles] ([UserId], [RoleId]) VALUES (N'ab7d1f75-d072-4747-a460-5cb9e86e4ff6', N'b35e04c9-1603-4914-948b-6d2564833c85')
INSERT [dbo].[AspNetUserRoles] ([UserId], [RoleId]) VALUES (N'c5a734ce-4008-4460-a587-d1baaf72cc6e', N'b35e04c9-1603-4914-948b-6d2564833c85')
INSERT [dbo].[AspNetUserRoles] ([UserId], [RoleId]) VALUES (N'd7538082-42bc-4595-9a16-ff0ffc665ca6', N'b35e04c9-1603-4914-948b-6d2564833c85')
INSERT [dbo].[AspNetUserRoles] ([UserId], [RoleId]) VALUES (N'e7b6a0bd-a135-43a4-8271-298aeb0bee49', N'b35e04c9-1603-4914-948b-6d2564833c85')
INSERT [dbo].[AspNetUserRoles] ([UserId], [RoleId]) VALUES (N'eb6bea0f-d89f-41ed-9a03-c77a2d2cc0b1', N'b35e04c9-1603-4914-948b-6d2564833c85')
INSERT [dbo].[AspNetUserRoles] ([UserId], [RoleId]) VALUES (N'fbd1861d-71b5-4082-9cbc-f93a10c25a4d', N'b35e04c9-1603-4914-948b-6d2564833c85')
INSERT [dbo].[AspNetUserRoles] ([UserId], [RoleId]) VALUES (N'ab7d1f75-d072-4747-a460-5cb9e86e4ff6', N'bb0cd0e5-c905-4f2a-93fb-12aeaa55854e')
INSERT [dbo].[AspNetUserRoles] ([UserId], [RoleId]) VALUES (N'c5a734ce-4008-4460-a587-d1baaf72cc6e', N'bb0cd0e5-c905-4f2a-93fb-12aeaa55854e')
INSERT [dbo].[AspNetUserRoles] ([UserId], [RoleId]) VALUES (N'd7538082-42bc-4595-9a16-ff0ffc665ca6', N'bb0cd0e5-c905-4f2a-93fb-12aeaa55854e')
INSERT [dbo].[AspNetUserRoles] ([UserId], [RoleId]) VALUES (N'465ad3a6-83d3-4edf-93d0-029cfff0dc15', N'c25fcc3d-00d2-42e9-93fd-4b9389c8b9a2')
INSERT [dbo].[AspNetUserRoles] ([UserId], [RoleId]) VALUES (N'ab7d1f75-d072-4747-a460-5cb9e86e4ff6', N'c25fcc3d-00d2-42e9-93fd-4b9389c8b9a2')
INSERT [dbo].[AspNetUserRoles] ([UserId], [RoleId]) VALUES (N'd7538082-42bc-4595-9a16-ff0ffc665ca6', N'c25fcc3d-00d2-42e9-93fd-4b9389c8b9a2')
INSERT [dbo].[AspNetUserRoles] ([UserId], [RoleId]) VALUES (N'fbd1861d-71b5-4082-9cbc-f93a10c25a4d', N'c25fcc3d-00d2-42e9-93fd-4b9389c8b9a2')
INSERT [dbo].[AspNetUserRoles] ([UserId], [RoleId]) VALUES (N'5bdb8e49-63da-4c29-91d0-afa8bfe4cd57', N'c4e08172-c8b3-4db8-91fd-dbcf2011ec51')
INSERT [dbo].[AspNetUserRoles] ([UserId], [RoleId]) VALUES (N'ab7d1f75-d072-4747-a460-5cb9e86e4ff6', N'c4e08172-c8b3-4db8-91fd-dbcf2011ec51')
INSERT [dbo].[AspNetUserRoles] ([UserId], [RoleId]) VALUES (N'd7538082-42bc-4595-9a16-ff0ffc665ca6', N'c4e08172-c8b3-4db8-91fd-dbcf2011ec51')
INSERT [dbo].[AspNetUserRoles] ([UserId], [RoleId]) VALUES (N'e7b6a0bd-a135-43a4-8271-298aeb0bee49', N'c4e08172-c8b3-4db8-91fd-dbcf2011ec51')
INSERT [dbo].[AspNetUserRoles] ([UserId], [RoleId]) VALUES (N'465ad3a6-83d3-4edf-93d0-029cfff0dc15', N'd9290ab8-2c06-4246-aee3-dff27e85417d')
INSERT [dbo].[AspNetUserRoles] ([UserId], [RoleId]) VALUES (N'ab7d1f75-d072-4747-a460-5cb9e86e4ff6', N'd9290ab8-2c06-4246-aee3-dff27e85417d')
INSERT [dbo].[AspNetUserRoles] ([UserId], [RoleId]) VALUES (N'd7538082-42bc-4595-9a16-ff0ffc665ca6', N'd9290ab8-2c06-4246-aee3-dff27e85417d')
INSERT [dbo].[AspNetUserRoles] ([UserId], [RoleId]) VALUES (N'fbd1861d-71b5-4082-9cbc-f93a10c25a4d', N'd9290ab8-2c06-4246-aee3-dff27e85417d')
INSERT [dbo].[AspNetUserRoles] ([UserId], [RoleId]) VALUES (N'465ad3a6-83d3-4edf-93d0-029cfff0dc15', N'dbb0ebd9-dcb0-44a8-b8da-980855168524')
INSERT [dbo].[AspNetUserRoles] ([UserId], [RoleId]) VALUES (N'5bdb8e49-63da-4c29-91d0-afa8bfe4cd57', N'dbb0ebd9-dcb0-44a8-b8da-980855168524')
INSERT [dbo].[AspNetUserRoles] ([UserId], [RoleId]) VALUES (N'ab7d1f75-d072-4747-a460-5cb9e86e4ff6', N'dbb0ebd9-dcb0-44a8-b8da-980855168524')
INSERT [dbo].[AspNetUserRoles] ([UserId], [RoleId]) VALUES (N'c5a734ce-4008-4460-a587-d1baaf72cc6e', N'dbb0ebd9-dcb0-44a8-b8da-980855168524')
INSERT [dbo].[AspNetUserRoles] ([UserId], [RoleId]) VALUES (N'd7538082-42bc-4595-9a16-ff0ffc665ca6', N'dbb0ebd9-dcb0-44a8-b8da-980855168524')
INSERT [dbo].[AspNetUserRoles] ([UserId], [RoleId]) VALUES (N'e7b6a0bd-a135-43a4-8271-298aeb0bee49', N'dbb0ebd9-dcb0-44a8-b8da-980855168524')
INSERT [dbo].[AspNetUserRoles] ([UserId], [RoleId]) VALUES (N'eb6bea0f-d89f-41ed-9a03-c77a2d2cc0b1', N'dbb0ebd9-dcb0-44a8-b8da-980855168524')
INSERT [dbo].[AspNetUserRoles] ([UserId], [RoleId]) VALUES (N'fbd1861d-71b5-4082-9cbc-f93a10c25a4d', N'dbb0ebd9-dcb0-44a8-b8da-980855168524')
INSERT [dbo].[AspNetUserRoles] ([UserId], [RoleId]) VALUES (N'465ad3a6-83d3-4edf-93d0-029cfff0dc15', N'e01ad9d6-0f2a-43c1-a89d-8ddfaecefc4f')
INSERT [dbo].[AspNetUserRoles] ([UserId], [RoleId]) VALUES (N'5bdb8e49-63da-4c29-91d0-afa8bfe4cd57', N'e01ad9d6-0f2a-43c1-a89d-8ddfaecefc4f')
INSERT [dbo].[AspNetUserRoles] ([UserId], [RoleId]) VALUES (N'ab7d1f75-d072-4747-a460-5cb9e86e4ff6', N'e01ad9d6-0f2a-43c1-a89d-8ddfaecefc4f')
INSERT [dbo].[AspNetUserRoles] ([UserId], [RoleId]) VALUES (N'c5a734ce-4008-4460-a587-d1baaf72cc6e', N'e01ad9d6-0f2a-43c1-a89d-8ddfaecefc4f')
INSERT [dbo].[AspNetUserRoles] ([UserId], [RoleId]) VALUES (N'd7538082-42bc-4595-9a16-ff0ffc665ca6', N'e01ad9d6-0f2a-43c1-a89d-8ddfaecefc4f')
INSERT [dbo].[AspNetUserRoles] ([UserId], [RoleId]) VALUES (N'e7b6a0bd-a135-43a4-8271-298aeb0bee49', N'e01ad9d6-0f2a-43c1-a89d-8ddfaecefc4f')
INSERT [dbo].[AspNetUserRoles] ([UserId], [RoleId]) VALUES (N'eb6bea0f-d89f-41ed-9a03-c77a2d2cc0b1', N'e01ad9d6-0f2a-43c1-a89d-8ddfaecefc4f')
INSERT [dbo].[AspNetUserRoles] ([UserId], [RoleId]) VALUES (N'fbd1861d-71b5-4082-9cbc-f93a10c25a4d', N'e01ad9d6-0f2a-43c1-a89d-8ddfaecefc4f')
INSERT [dbo].[AspNetUserRoles] ([UserId], [RoleId]) VALUES (N'465ad3a6-83d3-4edf-93d0-029cfff0dc15', N'e70d59ed-ea07-41bd-bb56-00f5f215b26f')
INSERT [dbo].[AspNetUserRoles] ([UserId], [RoleId]) VALUES (N'ab7d1f75-d072-4747-a460-5cb9e86e4ff6', N'e70d59ed-ea07-41bd-bb56-00f5f215b26f')
INSERT [dbo].[AspNetUserRoles] ([UserId], [RoleId]) VALUES (N'd7538082-42bc-4595-9a16-ff0ffc665ca6', N'e70d59ed-ea07-41bd-bb56-00f5f215b26f')
GO
INSERT [dbo].[AspNetUserRoles] ([UserId], [RoleId]) VALUES (N'fbd1861d-71b5-4082-9cbc-f93a10c25a4d', N'e70d59ed-ea07-41bd-bb56-00f5f215b26f')
INSERT [dbo].[AspNetUserRoles] ([UserId], [RoleId]) VALUES (N'ab7d1f75-d072-4747-a460-5cb9e86e4ff6', N'ffd01538-c330-4c76-b24e-77eb863300ac')
INSERT [dbo].[AspNetUserRoles] ([UserId], [RoleId]) VALUES (N'c5a734ce-4008-4460-a587-d1baaf72cc6e', N'ffd01538-c330-4c76-b24e-77eb863300ac')
INSERT [dbo].[AspNetUserRoles] ([UserId], [RoleId]) VALUES (N'd7538082-42bc-4595-9a16-ff0ffc665ca6', N'ffd01538-c330-4c76-b24e-77eb863300ac')
